<zuiprezi>
  <version>5</version>
  <zui-table>
    <settings>
      
      <autoplay>
        
        <delay>4000</delay>
        
      </autoplay>
      
      <bounds x="-1025725.8452753706" y="-555072.528069335" width="2051451.6905507413" height="1110145.05613867"/>
      <aspectratio>off</aspectratio>
    </settings>
    <object id="56" type="button" x="-3.4038440321057544e-11" y="3.687497701447901e-11" r="0" s="1853.3306446388483" class="invisible">
      <type>invisible</type>
      <size>
        <w>1107.942238267148</w>
        <h>600</h>
      </size>
    </object>
    <object id="55" type="button" x="-146704.67226096414" y="-20473.55186841846" r="0" s="498.0879190873853" class="invisible">
      <type>invisible</type>
      <size>
        <w>770.7024002753456</w>
        <h>600</h>
      </size>
    </object>
    <object id="15" type="button" x="-250802.715756657" y="-48159.73068323413" r="0" s="32.162938970848515" class="invisible">
      <type>invisible</type>
      <size>
        <w>1255.367231638418</w>
        <h>600</h>
      </size>
    </object>
    <object id="8" type="button" x="-244043.9966616369" y="-47333.58221345434" r="0" s="2.6578809163988035" class="circle">
      <type>circle</type>
      <size>
        <w>800</w>
        <h>800</h>
      </size>
      <meta>
        <parentTemplate>blank</parentTemplate>
      </meta>
    </object>
    <object id="199" type="button" x="-243975.75" y="-47292.55" r="0" s="1.9328232566163028" class="invisible">
      <type>invisible</type>
      <size>
        <w>910.6991358994501</w>
        <h>600</h>
      </size>
    </object>
    <object id="0_29517485" type="label" x="-244044.0461709871" y="-47699.12850913892" r="0" s="4.368945884869609" class="head">
      <textfield>
        <x>-156.45</x>
        <y>-17.8</y>
        <text><![CDATA[用Hadoop做分布式暴力破解]]></text>
        <annotations>r0-15 { color: #b3f3ff; }
r0-15 { align: left; }</annotations>
      </textfield>
    </object>
    <object id="0" type="label" x="-244017.9729114552" y="-47412.780100972064" r="0" s="2.55824136505172" class="body">
      <textfield>
        <x>-276</x>
        <y>-33.65</y>
        <text><![CDATA[使用阿里巴巴的Hadoop计算集群对KEYSTORE做暴力破解技术研究]]></text>
        <w>552</w>
        <h>67.3</h>
        <annotations>r0-35 { color: #7a8082; }
r0-35 { align: left; }</annotations>
      </textfield>
    </object>
    <object id="10" type="button" x="-243552.645044636" y="-46922.71060268658" r="0" s="0.95833726525351" class="invisible">
      <type>invisible</type>
      <size>
        <w>895.9459459459459</w>
        <h>600</h>
      </size>
    </object>
    <object id="1" type="button" x="-243469.26808802618" y="-46962.401752678496" r="0" s="0.8041222709509254" class="invisible">
      <type>invisible</type>
      <size>
        <w>798.6563307493541</w>
        <h>600</h>
      </size>
    </object>
    <object id="2" type="label" x="-243480.5431888755" y="-47146.95083684847" r="0" s="4.007336120580654" class="body">
      <textfield autoSize="true">
        <x>-26</x>
        <y>-17.8</y>
        <text><![CDATA[周拓]]></text>
        <annotations>r0-2 { align: left; }</annotations>
      </textfield>
    </object>
    <object id="4" type="label" x="-243693.61063848343" y="-46931.054398539425" r="0" s="0.9155238865129792" class="head">
      <textfield autoSize="true">
        <x>-92.6</x>
        <y>-17.8</y>
        <text><![CDATA[空虚浪子心,kxlzx]]></text>
        <annotations>r0-11 { align: left; }</annotations>
      </textfield>
    </object>
    <object id="5" type="label" x="-243461.84505135939" y="-46822.24366937433" r="0" s="0.9155238865129792" class="head">
      <textfield>
        <x>-345.75</x>
        <y>-65.3</y>
        <text><![CDATA[中国X黑客小组核心成员XCON2012《攻击JAVA WEB》演讲者OWASP2012中国峰会《在云上跳舞-hacking java sandbox on cloud appEngine》演讲者]]></text>
        <w>691.55</w>
        <h>130.6</h>
        <annotations>r0-12 { align: left; }
r12-36 { align: left; }
r36-99 { align: left; }</annotations>
      </textfield>
    </object>
    <object id="6" type="label" x="-243632.72300730133" y="-47041.285469244045" r="0" s="0.9981379640051593" class="head">
      <textfield autoSize="true">
        <x>-146</x>
        <y>-17.8</y>
        <text><![CDATA[在阿里巴巴集团安全部供职]]></text>
        <annotations>r0-12 { align: left; }</annotations>
      </textfield>
    </object>
    <object id="7" type="label" x="-243578.8520859915" y="-46995.84565583091" r="0" s="0.9155238865129792" class="head">
      <textfield>
        <x>-217.9</x>
        <y>-17.8</y>
        <text><![CDATA[负责编写《阿里巴巴集团web安全标准》]]></text>
        <annotations>r0-19 { align: left; }</annotations>
      </textfield>
    </object>
    <object id="9" type="label" x="-243465.36062251794" y="-46931.05368328639" r="0" s="0.9155238865129792" class="head">
      <textfield autoSize="true">
        <x>-134.65</x>
        <y>-17.8</y>
        <text><![CDATA[http://www.inbreak.net]]></text>
        <annotations>r0-22 { align: left; }</annotations>
      </textfield>
    </object>
    <object id="11" type="label" x="-243293.13928664586" y="-47040.47117938412" r="0" s="0.9155238865129792" class="body">
      <textfield autoSize="true">
        <x>-142</x>
        <y>-17.8</y>
        <text><![CDATA[专注WEB安全、JAVA安全]]></text>
        <annotations>r0-14 { align: left; }</annotations>
      </textfield>
    </object>
    <object id="13" type="label" x="-234301.88623960107" y="-48306.80020616315" r="0" s="324.6208412793187" class="head">
      <textfield autoSize="true">
        <x>-102.2</x>
        <y>-17.8</y>
        <text><![CDATA[Hadoop     爆破！]]></text>
        <annotations>r0-14 { align: left; }</annotations>
      </textfield>
    </object>
    <object id="16" type="button" x="-263834.2796777333" y="-49662.171860930335" r="0" s="2.146159498365159" class="invisible">
      <type>invisible</type>
      <size>
        <w>1129.3934033919465</w>
        <h>600</h>
      </size>
    </object>
    <object id="25" type="button" x="-263744.97690312145" y="-49723.039731349105" r="0" s="1.6697638336215064" class="invisible">
      <type>invisible</type>
      <size>
        <w>799.268872235423</w>
        <h>600</h>
      </size>
    </object>
    <object id="17" type="label" x="-263928.6396668493" y="-50168.63758064913" r="0" s="4.741422379431303" class="head">
      <textfield autoSize="true">
        <x>-96.45</x>
        <y>-17.8</y>
        <text><![CDATA[Hadoop简单介绍]]></text>
        <annotations>r0-10 { align: left; }</annotations>
      </textfield>
    </object>
    <object id="18" type="label" x="-264010.30891013413" y="-49924.183281815785" r="0" s="3.053412530803894" class="head">
      <textfield autoSize="true">
        <x>-131.05</x>
        <y>-17.8</y>
        <text><![CDATA[HDFS – 分布式文件系统]]></text>
        <annotations>r0-14 { align: left; }</annotations>
      </textfield>
    </object>
    <object id="19" type="label" x="-263935.0327493357" y="-49368.94883883158" r="0" s="3.053412530803894" class="head">
      <textfield autoSize="true">
        <x>-155.7</x>
        <y>-17.8</y>
        <text><![CDATA[MapReduce – 并行计算框架]]></text>
        <annotations>r0-18 { align: left; }</annotations>
      </textfield>
    </object>
    <object id="20" type="label" x="-263796.7322455185" y="-49640.5212577041" r="0" s="3.053412530803894" class="head">
      <textfield autoSize="true">
        <x>-201</x>
        <y>-49.45</y>
        <text><![CDATA[Hive – 数据仓库工具结构化的数据文件   -->  数据库表SQL --> MapReduce任务]]></text>
        <annotations>r0-14 { align: left; }
r14-35 { bullet: true; }
r14-35 { align: left; }
r14-35 { blockIndent: 36; }
r35-54 { bullet: true; }
r35-54 { align: left; }
r35-54 { blockIndent: 36; }</annotations>
      </textfield>
    </object>
    <object id="26" type="button" x="-264743.242420497" y="-49621.51376469986" r="0" s="1.2491696575322253" class="invisible">
      <type>invisible</type>
      <size>
        <w>690.9387598387407</w>
        <h>600</h>
      </size>
    </object>
    <object id="21" type="label" x="-264780.3127570037" y="-49919.221486453236" r="0" s="3.053412530803894" class="head">
      <textfield autoSize="true">
        <x>-38</x>
        <y>-17.8</y>
        <text><![CDATA[大文件]]></text>
        <annotations>r0-3 { align: left; }</annotations>
      </textfield>
    </object>
    <object id="22" type="label" x="-264776.4291979412" y="-49370.55188041027" r="0" s="3.053412530803894" class="head">
      <textfield autoSize="true">
        <x>-38</x>
        <y>-17.8</y>
        <text><![CDATA[数据库]]></text>
        <annotations>r0-3 { align: left; }</annotations>
      </textfield>
    </object>
    <object id="24" type="shape" x="-264780.50848039053" y="-49648.61919243393" r="-90.0000000000001" s="1.526706265401947" class="line1">
      <geom type="arrow">
        <sp>110.16550313619415 0</sp>
        <ep>-110.16550313619413 0</ep>
        <t>8</t>
      </geom>
    </object>
    <object id="27" type="button" x="-263964.21192283323" y="-46594.389207403336" r="0" s="1.765362767475776" class="invisible">
      <type>invisible</type>
      <size>
        <w>1206.7935871743487</w>
        <h>600</h>
      </size>
    </object>
    <object id="28" type="label" x="-264016.8737470753" y="-47011.93382907662" r="0" s="3.741757734352169" class="head">
      <textfield autoSize="true">
        <x>-146.05</x>
        <y>-17.8</y>
        <text><![CDATA[云梯 – 阿里巴巴的Hadoop]]></text>
        <annotations>r0-16 { align: center; }</annotations>
      </textfield>
    </object>
    <object id="35" type="button" x="-264434.4707196103" y="-46559.523053067234" r="0" s="1.0155363782947415" class="invisible">
      <type>invisible</type>
      <size>
        <w>1005.6992247606463</w>
        <h>600</h>
      </size>
    </object>
    <object id="29" type="label" x="-264556.7934178349" y="-46777.84204901972" r="0" s="2.8109395771940027" class="head">
      <textfield autoSize="true">
        <x>-50</x>
        <y>-17.8</y>
        <text><![CDATA[集群容量]]></text>
        <annotations>r0-4 { align: left; }</annotations>
      </textfield>
    </object>
    <object id="30" type="label" x="-264432.34777337627" y="-46442.090715515355" r="0" s="2.295088372753745" class="head">
      <textfield autoSize="true">
        <x>-115.05</x>
        <y>-81.1</y>
        <text><![CDATA[-约3200台服务器-物理CPU ~30000核-内存 ~100TB-磁盘 ~36000块-存储容量 ~60PB]]></text>
        <annotations>r0-11 { align: left; }
r11-26 { align: left; }
r26-37 { align: left; }
r37-49 { align: left; }
r49-60 { align: left; }</annotations>
      </textfield>
    </object>
    <object id="36" type="button" x="-263530.6113570305" y="-46524.59010533201" r="0" s="1.0984678573005324" class="invisible">
      <type>invisible</type>
      <size>
        <w>921.4077097325345</w>
        <h>600</h>
      </size>
    </object>
    <object id="33" type="label" x="-263722.0858510545" y="-46777.899300504665" r="0" s="2.8109395771940027" class="head">
      <textfield autoSize="true">
        <x>-50</x>
        <y>-17.8</y>
        <text><![CDATA[集群负载]]></text>
        <annotations>r0-4 { align: left; }</annotations>
      </textfield>
    </object>
    <object id="34" type="label" x="-263534.0760520336" y="-46445.33159239439" r="0" s="2.2950883727537446" class="head">
      <textfield autoSize="true">
        <x>-142.7</x>
        <y>-96.95</y>
        <text><![CDATA[-JOB数 150,000+/天-hive query6,000+/天-扫描数据量 ~7.5PB/天-扫描文件数 ~4亿-存储利用率 ~80%-CPU利用率~65% 峰值80]]></text>
        <annotations>r0-92 { color: #b3f3ff; }
r0-17 { align: left; }
r17-37 { align: left; }
r37-53 { align: left; }
r53-64 { align: left; }
r64-76 { align: left; }
r76-92 { align: left; }</annotations>
      </textfield>
    </object>
    <object id="38" type="button" x="-248999.11268428195" y="-47154.451858951914" r="0" s="1.8454314847547133" class="invisible">
      <type>invisible</type>
      <size>
        <w>1118.9945963648272</w>
        <h>600</h>
      </size>
    </object>
    <object id="37" type="image" x="-249018.3491832259" y="-47086.40846908579" r="0.008980353192155422" s="1.3537061771851167">
      <source w="832" h="470">
        t1.png
        <url>t1.png</url>
      </source>
      <sourceUrl>t1.png</sourceUrl>
    </object>
    <object id="39" type="label" x="-249045.7153930333" y="-47477.626949595004" r="0" s="3.4824432756075705" class="head">
      <textfield autoSize="true">
        <x>-62</x>
        <y>-17.8</y>
        <text><![CDATA[云梯发展史]]></text>
        <annotations>r0-5 { align: center; }</annotations>
      </textfield>
    </object>
    <object id="47" type="shape" x="-271232.02189972694" y="4505.435195584265" r="90" s="781.6736078857969" class="line3">
      <geom type="line">
        <sp>-39.31322099159178 0</sp>
        <ep>39.31322099159178 0</ep>
        <t>8</t>
      </geom>
    </object>
    <object id="48" type="shape" x="-227825.94663245417" y="-8282.92478560637" r="0" s="781.6736078857969" class="line3">
      <geom type="line">
        <sp>-30.56228759700886 0</sp>
        <ep>30.56228759700886 0</ep>
        <t>8</t>
      </geom>
    </object>
    <object id="49" type="shape" x="-227806.1574434439" y="39772.56510212351" r="0" s="781.6736078857969" class="line3">
      <geom type="line">
        <sp>-37.22781472269871 0</sp>
        <ep>37.22781472269871 0</ep>
        <t>8</t>
      </geom>
    </object>
    <object id="50" type="shape" x="-157150.8287157745" y="-6128.220075497721" r="90" s="781.6736078857969" class="line3">
      <geom type="line">
        <sp>-52.90816031649034 0</sp>
        <ep>52.90816031649034 0</ep>
        <t>8</t>
      </geom>
    </object>
    <object id="51" type="shape" x="-125071.86188643452" y="-8734.490328741227" r="65.28205339458148" s="781.673607885797" class="line3">
      <geom type="line">
        <sp>-55.89137304895437 0</sp>
        <ep>55.89137304895437 0</ep>
        <t>8</t>
      </geom>
    </object>
    <object id="52" type="shape" x="-97048.22382039423" y="-6129.887475238497" r="90" s="781.6736078857969" class="line3">
      <geom type="line">
        <sp>-52.90816031649034 0</sp>
        <ep>52.90816031649034 0</ep>
        <t>8</t>
      </geom>
    </object>
    <object id="53" type="shape" x="-63144.16199204839" y="-6142.14333376999" r="90" s="781.6736078857969" class="line3">
      <geom type="line">
        <sp>-52.90816031649034 0</sp>
        <ep>52.90816031649034 0</ep>
        <t>8</t>
      </geom>
    </object>
    <object id="54" type="shape" x="-27629.50687298992" y="-6129.4207815583095" r="90" s="781.6736078857969" class="line3">
      <geom type="line">
        <sp>-52.90816031649034 27.04101149223328</sp>
        <ep>52.90816031649034 27.04101149223328</ep>
        <b>-54.08202298446656</b>
        <t>8</t>
      </geom>
    </object>
    <object id="58" type="button" x="-263587.4303581716" y="-42107.22125536527" r="0" s="3.963183648249454" class="invisible">
      <type>invisible</type>
      <size>
        <w>959.226298229958</w>
        <h>600</h>
      </size>
    </object>
    <object id="57" type="label" x="-263648.57703738124" y="-42936.74543572836" r="0" s="6.237610154060368" class="head">
      <textfield autoSize="true">
        <x>-170</x>
        <y>-17.8</y>
        <text><![CDATA[阿里某项目发起内部安全挑战赛]]></text>
        <annotations>r0-14 { color: #b3f3ff; }
r0-14 { align: center; }</annotations>
      </textfield>
    </object>
    <object id="59" type="label" x="-263648.65500750823" y="-42409.58940758333" r="0" s="6.237610154060368" class="head">
      <textfield autoSize="true">
        <x>-127.7</x>
        <y>-17.8</y>
        <text><![CDATA[特定环境下的JAVA沙盒]]></text>
        <annotations>r0-12 { align: left; }</annotations>
      </textfield>
    </object>
    <object id="60" type="label" x="-263534.42877156206" y="-41906.05832789681" r="0" s="6.237610154060368" class="head">
      <textfield autoSize="true">
        <x>-146</x>
        <y>-17.8</y>
        <text><![CDATA[你可以使用阿里的一切资源]]></text>
        <annotations>r0-12 { align: left; }</annotations>
      </textfield>
    </object>
    <object id="61" type="button" x="-259743.83308093954" y="-42101.2955257189" r="0" s="3.963183648249454" class="invisible">
      <type>invisible</type>
      <size>
        <w>876.3101203667029</w>
        <h>600</h>
      </size>
    </object>
    <object id="62" type="label" x="-260083.89314973808" y="-42908.1303991466" r="0" s="6.237610154060368" class="head">
      <textfield autoSize="true">
        <x>-74</x>
        <y>-17.8</y>
        <text><![CDATA[安全挑战分析]]></text>
        <annotations>r0-6 { color: #b3f3ff; }
r0-6 { align: left; }</annotations>
      </textfield>
    </object>
    <object id="63" type="label" x="-259672.1329094432" y="-42403.66367793697" r="0" s="6.237610154060368" class="head">
      <textfield autoSize="true">
        <x>-193.7</x>
        <y>-17.8</y>
        <text><![CDATA[用户代码使用applet默认java.policy]]></text>
        <annotations>r0-25 { color: #b3f3ff; }
r0-25 { align: left; }</annotations>
      </textfield>
    </object>
    <object id="64" type="label" x="-260186.79410918587" y="-41983.413476230395" r="0" s="3.784449679039152" class="head">
      <textfield autoSize="true">
        <x>-182</x>
        <y>-49.45</y>
        <text><![CDATA[对项目自身使用的JAR做了Java的Keystore签名由签名决定代码是否具备某些权限]]></text>
        <annotations>r0-45 { color: #b3f3ff; }
r0-12 { align: left; }
r12-30 { align: left; }
r30-45 { align: left; }</annotations>
      </textfield>
    </object>
    <object id="65" type="button" x="-255944.1928555937" y="-42088.50842490306" r="0" s="3.9631836482494545" class="invisible">
      <type>invisible</type>
      <size>
        <w>925.4251409306426</w>
        <h>600</h>
      </size>
    </object>
    <object id="66" type="label" x="-256077.65975546552" y="-42814.27977196542" r="0" s="7.350565162750492" class="head">
      <textfield autoSize="true">
        <x>-156.6</x>
        <y>-17.8</y>
        <text><![CDATA[从泄露KEYSTORE到突破沙盒]]></text>
        <annotations>r0-16 { color: #b3f3ff; }
r0-16 { align: center; }</annotations>
      </textfield>
    </object>
    <object id="78" type="shape" x="-256157.7727087022" y="-42044.797140625065" r="0" s="2.4308280976844823">
      <geom type="arrow">
        <sp>-343.6164600954153 0</sp>
        <ep>343.6164600954153 0</ep>
        <t>8</t>
      </geom>
      <meta>
        <parentObjlib>timeline</parentObjlib>
      </meta>
    </object>
    <object id="79" type="button" x="-256769.5930960885" y="-42119.44825200424" r="0" s="2.7322864762689942" class="bracket">
      <type>bracket</type>
      <size>
        <w>163.14287025705977</w>
        <h>121</h>
      </size>
      <meta>
        <parentObjlib>timeline</parentObjlib>
      </meta>
    </object>
    <object id="80" type="label" x="-256769.5991625961" y="-41998.87906269748" r="0" s="2.0401064959473607" class="strong">
      <textfield>
        <x>-38</x>
        <y>-17.8</y>
        <text><![CDATA[第一步]]></text>
        <annotations>r0-3 { align: left; }</annotations>
      </textfield>
    </object>
    <object id="81" type="label" x="-255739.7449512811" y="-41998.80109257054" r="0" s="2.0401064959473607" class="strong">
      <textfield>
        <x>-38</x>
        <y>-17.8</y>
        <text><![CDATA[第三步]]></text>
        <annotations>r0-3 { align: left; }</annotations>
      </textfield>
    </object>
    <object id="82" type="shape" x="-256962.09465153684" y="-42085.29926685511" r="-90" s="1.020046198024289">
      <geom type="line">
        <sp>-43.08146566559059 0</sp>
        <ep>43.08146566559059 0</ep>
        <t>8</t>
      </geom>
      <meta>
        <parentObjlib>timeline</parentObjlib>
      </meta>
    </object>
    <object id="83" type="shape" x="-256823.0552778105" y="-42085.29926685511" r="-90" s="1.020046198024289">
      <geom type="line">
        <sp>-43.08146566559059 0</sp>
        <ep>43.08146566559059 0</ep>
        <t>8</t>
      </geom>
      <meta>
        <parentObjlib>timeline</parentObjlib>
      </meta>
    </object>
    <object id="84" type="shape" x="-256570.36298014483" y="-42085.143326601275" r="-90" s="1.020046198024289">
      <geom type="line">
        <sp>-43.08146566559059 0</sp>
        <ep>43.08146566559059 0</ep>
        <t>8</t>
      </geom>
      <meta>
        <parentObjlib>timeline</parentObjlib>
      </meta>
    </object>
    <object id="88" type="button" x="-256256.7138998021" y="-42119.37028187735" r="0" s="1.3499874123068576" class="bracket">
      <type>bracket</type>
      <size>
        <w>324.26783920544244</w>
        <h>245</h>
      </size>
      <meta>
        <parentObjlib>timeline</parentObjlib>
      </meta>
    </object>
    <object id="87" type="shape" x="-256366.98087508377" y="-42085.22129672822" r="-90" s="1.020046198024289">
      <geom type="line">
        <sp>-43.08146566559059 0</sp>
        <ep>43.08146566559059 0</ep>
        <t>8</t>
      </geom>
      <meta>
        <parentObjlib>timeline</parentObjlib>
      </meta>
    </object>
    <object id="89" type="shape" x="-256380.43592124776" y="-42085.22129672822" r="-90" s="1.020046198024289">
      <geom type="line">
        <sp>-43.08146566559059 0</sp>
        <ep>43.08146566559059 0</ep>
        <t>8</t>
      </geom>
      <meta>
        <parentObjlib>timeline</parentObjlib>
      </meta>
    </object>
    <object id="90" type="shape" x="-256014.31303871254" y="-42085.143326601275" r="-90" s="1.020046198024289">
      <geom type="line">
        <sp>-43.08146566559059 0</sp>
        <ep>43.08146566559059 0</ep>
        <t>8</t>
      </geom>
      <meta>
        <parentObjlib>timeline</parentObjlib>
      </meta>
    </object>
    <object id="91" type="shape" x="-256241.47531907912" y="-42085.22129672822" r="-90" s="1.020046198024289">
      <geom type="line">
        <sp>-43.08146566559059 0</sp>
        <ep>43.08146566559059 0</ep>
        <t>8</t>
      </geom>
      <meta>
        <parentObjlib>timeline</parentObjlib>
      </meta>
    </object>
    <object id="92" type="shape" x="-255875.35092170624" y="-42085.143326601275" r="-90" s="1.020046198024289">
      <geom type="line">
        <sp>-43.08146566559059 0</sp>
        <ep>43.08146566559059 0</ep>
        <t>8</t>
      </geom>
      <meta>
        <parentObjlib>timeline</parentObjlib>
      </meta>
    </object>
    <object id="93" type="shape" x="-255736.31154797983" y="-42085.143326601275" r="-90" s="1.020046198024289">
      <geom type="line">
        <sp>-43.08146566559059 0</sp>
        <ep>43.08146566559059 0</ep>
        <t>8</t>
      </geom>
      <meta>
        <parentObjlib>timeline</parentObjlib>
      </meta>
    </object>
    <object id="94" type="shape" x="-255597.3176193831" y="-42085.143326601275" r="-90" s="1.020046198024289">
      <geom type="line">
        <sp>-43.08146566559059 0</sp>
        <ep>43.08146566559059 0</ep>
        <t>8</t>
      </geom>
      <meta>
        <parentObjlib>timeline</parentObjlib>
      </meta>
    </object>
    <object id="95" type="label" x="-256256.64739034325" y="-41998.80109257054" r="0" s="2.0401064959473607" class="strong">
      <textfield>
        <x>-38</x>
        <y>-17.8</y>
        <text><![CDATA[第二步]]></text>
        <annotations>r0-3 { align: left; }</annotations>
      </textfield>
    </object>
    <object id="96" type="button" x="-255739.68469153333" y="-42119.29231175041" r="0" s="2.7322864762689942" class="bracket">
      <type>bracket</type>
      <size>
        <w>163.895092624511</w>
        <h>121</h>
      </size>
      <meta>
        <parentObjlib>timeline</parentObjlib>
      </meta>
    </object>
    <object id="100" type="label" x="-255882.24900578771" y="-41537.36300330235" r="0" s="6.237610154060368" class="head">
      <textfield autoSize="true">
        <x>-182.15</x>
        <y>-17.8</y>
        <text><![CDATA[签名keystore泄露，需要签名密码]]></text>
        <annotations>r0-19 { align: left; }</annotations>
      </textfield>
    </object>
    <object id="101" type="label" x="-255000.17295987677" y="-42070.366790966815" r="0" s="6.237610154060368" class="head">
      <textfield autoSize="true">
        <x>-50</x>
        <y>-17.8</y>
        <text><![CDATA[突破沙盒]]></text>
        <annotations>r0-4 { align: left; }</annotations>
      </textfield>
    </object>
    <object id="103" type="button" x="-256779.76313683" y="-42162.60545112001" r="0" s="0.27694190424717935" class="invisible">
      <type>invisible</type>
      <size>
        <w>1253.4653465346535</w>
        <h>600</h>
      </size>
    </object>
    <object id="102" type="label" x="-256769.62702032976" y="-42165.17846530854" r="0" s="0.9858415090922454" class="head">
      <textfield autoSize="true">
        <x>-98</x>
        <y>-17.8</y>
        <text><![CDATA[破解私钥签名密码]]></text>
        <annotations>r0-8 { align: left; }</annotations>
      </textfield>
    </object>
    <object id="104" type="button" x="-256256.73952541203" y="-42163.69703289695" r="0" s="0.27694190424717935" class="invisible">
      <type>invisible</type>
      <size>
        <w>1253.4653465346537</w>
        <h>600</h>
      </size>
    </object>
    <object id="105" type="label" x="-256256.75554629992" y="-42164.086883531585" r="0" s="0.9858415090922454" class="head">
      <textfield autoSize="true">
        <x>-107</x>
        <y>-17.8</y>
        <text><![CDATA[提权代码，生成JAR]]></text>
        <annotations>r0-10 { align: left; }</annotations>
      </textfield>
    </object>
    <object id="106" type="button" x="-255741.8248071944" y="-42163.15124200849" r="0" s="0.27694190424717935" class="invisible">
      <type>invisible</type>
      <size>
        <w>1253.4653465346537</w>
        <h>600</h>
      </size>
    </object>
    <object id="107" type="label" x="-255739.70038689533" y="-42165.100495181585" r="0" s="0.9858415090922452" class="head">
      <textfield autoSize="true">
        <x>-131</x>
        <y>-17.8</y>
        <text><![CDATA[签名JAR，在沙盒中运行]]></text>
        <annotations>r0-12 { align: left; }</annotations>
      </textfield>
    </object>
    <object id="108" type="button" x="-217657.74172997102" y="-47849.17531255861" r="0" s="26.22433803784326" class="invisible">
      <type>invisible</type>
      <size>
        <w>1170.7317073170732</w>
        <h>600</h>
      </size>
    </object>
    <object id="114" type="button" x="-223175.45526876068" y="-48063.248952472204" r="0" s="0.8143696784343699" class="invisible">
      <type>invisible</type>
      <size>
        <w>1138.1572097865696</w>
        <h>600</h>
      </size>
    </object>
    <object id="109" type="label" x="-223201.4957245192" y="-48215.86881949044" r="0" s="2.2177911121541314" class="head">
      <textfield autoSize="true">
        <x>-50</x>
        <y>-17.8</y>
        <text><![CDATA[暴力一点]]></text>
        <annotations>r0-4 { align: left; }</annotations>
      </textfield>
    </object>
    <object id="110" type="label" x="-223422.93088498828" y="-48049.94838939243" r="0" s="1.6896810437229006" class="head">
      <textfield autoSize="true">
        <x>-62</x>
        <y>-17.8</y>
        <text><![CDATA[单线程爆破]]></text>
        <annotations>r0-5 { align: left; }</annotations>
      </textfield>
    </object>
    <object id="111" type="shape" x="-223191.83042666528" y="-48046.52275168023" r="0" s="0.779701269257546" class="line3">
      <geom type="arrow">
        <sp>-145.71842348256348 0</sp>
        <ep>145.71842348256348 0</ep>
        <t>8</t>
      </geom>
    </object>
    <object id="113" type="button" x="-223045.6386579664" y="-48038.92745861954" r="0" s="0.08161677916308278" class="invisible">
      <type>invisible</type>
      <size>
        <w>997.8204760539146</w>
        <h>600</h>
      </size>
    </object>
    <object id="112" type="label" x="-223044.58737998863" y="-48046.34232757759" r="0" s="0.1949253173143865" class="head">
      <textfield autoSize="true">
        <x>-50</x>
        <y>-17.8</y>
        <text><![CDATA[惨不忍睹]]></text>
        <annotations>r0-4 { align: left; }</annotations>
      </textfield>
    </object>
    <object id="120" type="button" x="-215587.45511747216" y="-47349.15561619034" r="0" s="0.5434173277515205" class="invisible">
      <type>invisible</type>
      <size>
        <w>1018.1184668989547</w>
        <h>600</h>
      </size>
    </object>
    <object id="115" type="image" x="-215588.88279426022" y="-47299.84977854775" r="0" s="0.5797630699319783">
      <source w="674" h="291">
        _2.png
        <url>_2.png</url>
      </source>
      <sourceUrl>2.png</sourceUrl>
    </object>
    <object id="116" type="label" x="-215598.16269338212" y="-47476.98367717275" r="0" s="0.8807016554489445" class="head">
      <textfield autoSize="true">
        <x>-74</x>
        <y>-17.8</y>
        <text><![CDATA[再暴力一点！]]></text>
        <annotations>r0-6 { align: left; }</annotations>
      </textfield>
    </object>
    <object id="117" type="label" x="-215598.15141145344" y="-47412.43822863221" r="0" s="0.8807016554489445" class="head">
      <textfield autoSize="true">
        <x>-38</x>
        <y>-17.8</y>
        <text><![CDATA[多线程]]></text>
        <annotations>r0-3 { align: left; }</annotations>
      </textfield>
    </object>
    <object id="118" type="label" x="-215719.2049876366" y="-47412.38724017549" r="0" s="0.8807016554489445" class="head">
      <textfield autoSize="true">
        <x>-41.35</x>
        <y>-17.8</y>
        <text><![CDATA[单台PC]]></text>
        <annotations>r0-4 { align: left; }</annotations>
      </textfield>
    </object>
    <object id="119" type="label" x="-215481.98589773307" y="-47412.43822863221" r="0" s="0.8807016554489445" class="head">
      <textfield autoSize="true">
        <x>-50</x>
        <y>-17.8</y>
        <text><![CDATA[几个小时]]></text>
        <annotations>r0-4 { align: left; }</annotations>
      </textfield>
    </object>
    <object id="128" type="button" x="-205686.5165927158" y="-46521.40900989261" r="0" s="1.0330104996968734" class="invisible">
      <type>invisible</type>
      <size>
        <w>1071.3445995591476</w>
        <h>600</h>
      </size>
    </object>
    <object id="127" type="button" x="-205863.66521630128" y="-46521.401541684696" r="0" s="1.006329074619803" class="invisible">
      <type>invisible</type>
      <size>
        <w>724.7233878048053</w>
        <h>479.8308764398098</h>
      </size>
    </object>
    <object id="121" type="label" x="-205841.01161655964" y="-46676.82182595733" r="0" s="1.822839788224006" class="head">
      <textfield autoSize="true">
        <x>-50</x>
        <y>-17.8</y>
        <text><![CDATA[更暴力！]]></text>
        <annotations>r0-4 { align: left; }</annotations>
      </textfield>
    </object>
    <object id="122" type="label" x="-206010.7521889613" y="-46513.50579910184" r="0" s="1.4788613693798616" class="head">
      <textfield autoSize="true">
        <x>-110</x>
        <y>-17.8</y>
        <text><![CDATA[挂服务器上回家吃饭]]></text>
        <annotations>r0-9 { color: #b3f3ff; }
r0-9 { align: left; }</annotations>
      </textfield>
    </object>
    <object id="123" type="label" x="-205671.72994026873" y="-46513.50579910184" r="0" s="1.4788613693798616" class="head">
      <textfield autoSize="true">
        <x>-88.35</x>
        <y>-17.8</y>
        <text><![CDATA[24小时CPU占满]]></text>
        <annotations>r0-9 { color: #b3f3ff; }
r0-9 { align: left; }</annotations>
      </textfield>
    </object>
    <object id="124" type="label" x="-205338.7753179254" y="-46516.87103724506" r="0" s="1.8228397882240057" class="head">
      <textfield autoSize="true">
        <x>-38</x>
        <y>-17.8</y>
        <text><![CDATA[无回复]]></text>
        <annotations>r0-3 { color: #b3f3ff; }
r0-3 { align: left; }</annotations>
      </textfield>
    </object>
    <object id="125" type="label" x="-205427.05713373795" y="-46513.55711577067" r="0" s="1.4788613693798616" class="head">
      <textfield autoSize="true">
        <x>-10.9</x>
        <y>-17.8</y>
        <text><![CDATA[=]]></text>
        <annotations>r0-1 { align: left; }</annotations>
      </textfield>
    </object>
    <object id="126" type="label" x="-205821.96273098915" y="-46513.55711577066" r="0" s="1.4788613693798616" class="head">
      <textfield autoSize="true">
        <x>-10.9</x>
        <y>-17.8</y>
        <text><![CDATA[+]]></text>
        <annotations>r0-1 { align: left; }</annotations>
      </textfield>
    </object>
    <object id="130" type="button" x="-251897.55886658948" y="-42087.45281402893" r="0" s="4.047258852419683" class="invisible">
      <type>invisible</type>
      <size>
        <w>961.8730940385299</w>
        <h>588.8743286132813</h>
      </size>
    </object>
    <object id="129" type="label" x="-251982.60355797008" y="-41992.128666338605" r="0" s="66.85102377063032" class="head">
      <textfield autoSize="true">
        <x>-14</x>
        <y>-17.8</y>
        <text><![CDATA[？]]></text>
        <annotations>r0-1 { align: left; }</annotations>
      </textfield>
    </object>
    <object id="131" type="label" x="-251898.04285525135" y="-43008.00288738013" r="0" s="9.71264352835902" class="head">
      <textfield autoSize="true">
        <x>-170</x>
        <y>-17.8</y>
        <text><![CDATA[我想到了阿里巴巴最暴力的东西]]></text>
        <annotations>r0-14 { align: left; }</annotations>
      </textfield>
    </object>
    <object id="132" type="button" x="-247937.79531816742" y="-42102.03830080009" r="0" s="4.047258852419684" class="invisible">
      <type>invisible</type>
      <size>
        <w>961.87309403853</w>
        <h>588.8743286132813</h>
      </size>
    </object>
    <object id="135" type="label" x="-249171.71597065014" y="-42190.65345041838" r="0" s="8.468259259795271" class="head">
      <textfield autoSize="true">
        <x>-38</x>
        <y>-17.8</y>
        <text><![CDATA[大字典]]></text>
        <annotations>r0-3 { align: left; }</annotations>
      </textfield>
    </object>
    <object id="136" type="label" x="-248332.95585770224" y="-42601.97733073154" r="0" s="8.468259259795271" class="head">
      <textfield autoSize="true">
        <x>-38</x>
        <y>-17.8</y>
        <text><![CDATA[大数据]]></text>
        <annotations>r0-3 { align: left; }</annotations>
      </textfield>
    </object>
    <object id="137" type="label" x="-247902.05241001083" y="-41724.364013767365" r="0" s="8.468259259795271" class="head">
      <textfield autoSize="true">
        <x>-62</x>
        <y>-17.8</y>
        <text><![CDATA[分布式计算]]></text>
        <annotations>r0-5 { align: left; }</annotations>
      </textfield>
    </object>
    <object id="138" type="label" x="-246909.96359808705" y="-42183.23923476289" r="0" s="8.468259259795271" class="head">
      <textfield autoSize="true">
        <x>-27</x>
        <y>-17.8</y>
        <text><![CDATA[云梯]]></text>
        <w>54</w>
        <h>35.65</h>
        <annotations>r0-2 { align: right; }</annotations>
      </textfield>
    </object>
    <object id="139" type="button" x="-243954.22016045992" y="-42106.31854301316" r="0" s="4.047258852419683" class="invisible">
      <type>invisible</type>
      <size>
        <w>961.87309403853</w>
        <h>588.8743286132813</h>
      </size>
    </object>
    <object id="141" type="label" x="-243954.48499914477" y="-42985.56796642589" r="0" s="9.71264352835902" class="head">
      <textfield autoSize="true">
        <x>-110</x>
        <y>-17.8</y>
        <text><![CDATA[使用云梯做暴力破解]]></text>
        <annotations>r0-9 { align: left; }</annotations>
      </textfield>
    </object>
    <object id="142" type="label" x="-244597.23558808223" y="-42535.99826774342" r="0" s="6.063567445357674" class="head">
      <textfield autoSize="true">
        <x>-69</x>
        <y>-17.8</y>
        <text><![CDATA[生成6位字典]]></text>
        <annotations>r0-6 { align: left; }</annotations>
      </textfield>
    </object>
    <object id="143" type="label" x="-244032.89418220875" y="-41897.397568772125" r="0" s="4.957595610996342" class="head">
      <textfield autoSize="true">
        <x>-197.8</x>
        <y>-81.1</y>
        <text><![CDATA[字母+字符[a-z]+[!@#.]第一位不是特殊字符最后一位特殊字符只需要[!]再加上CSDN（你懂得）等等去重]]></text>
        <annotations>r0-60 { color: #b3f3ff; }
r0-6 { bullet: true; }
r0-6 { align: left; }
r0-6 { blockIndent: 36; }
r6-19 { bullet: true; }
r6-19 { align: left; }
r6-19 { blockIndent: 36; }
r19-29 { bullet: true; }
r19-29 { align: left; }
r19-29 { blockIndent: 36; }
r29-44 { bullet: true; }
r29-44 { align: left; }
r29-44 { blockIndent: 36; }
r44-60 { bullet: true; }
r44-60 { align: left; }
r44-60 { blockIndent: 36; }</annotations>
      </textfield>
    </object>
    <object id="145" type="button" x="-193963.54839969176" y="-48212.27365272363" r="0" s="9.25259326131277" class="invisible">
      <type>invisible</type>
      <size>
        <w>1204.2159213028024</w>
        <h>600</h>
      </size>
    </object>
    <object id="146" type="image" x="-193964.0744022374" y="-48212.55752098699" r="0" s="11.972690116508314">
      <source w="928" h="428">
        ___2.png
        <url>___2.png</url>
      </source>
      <sourceUrl>2.png</sourceUrl>
    </object>
    <object id="147" type="button" x="-190857.24999925602" y="-47925.17459184158" r="0" s="0.5588191577190521" class="invisible">
      <type>invisible</type>
      <size>
        <w>1083.1294452347083</w>
        <h>600</h>
      </size>
    </object>
    <object id="148" type="label" x="-190841.35714214086" y="-48035.2253521043" r="-2.4413743322801793e-15" s="1.4161521715074181" class="head">
      <textfield autoSize="true">
        <x>-74</x>
        <y>-17.8</y>
        <text><![CDATA[字典文件处理]]></text>
        <annotations>r0-6 { align: left; }</annotations>
      </textfield>
    </object>
    <object id="149" type="label" x="-190977.50578403857" y="-47916.28813698117" r="2.2832915388079608e-15" s="0.7570994556231833" class="head">
      <textfield autoSize="true">
        <x>-152.15</x>
        <y>-17.8</y>
        <text><![CDATA[上传到Hadoop的HDFS集群]]></text>
        <annotations>r0-16 { align: left; }</annotations>
      </textfield>
    </object>
    <object id="150" type="label" x="-190923.78011391865" y="-47973.316653475995" r="2.2832915388079608e-15" s="0.7570994556231833" class="head">
      <textfield autoSize="true">
        <x>-62</x>
        <y>-17.8</y>
        <text><![CDATA[建立数据表]]></text>
        <annotations>r0-5 { align: left; }</annotations>
      </textfield>
    </object>
    <object id="151" type="button" x="-195975.81627362175" y="-50189.848996959685" r="0" s="1.6438284495583764" class="invisible">
      <type>invisible</type>
      <size>
        <w>1150.6154232604874</w>
        <h>600</h>
      </size>
    </object>
    <object id="152" type="label" x="-196017.75011972006" y="-50566.71417848253" r="0" s="2.892261028946847" class="head">
      <textfield autoSize="true">
        <x>-123.15</x>
        <y>-17.8</y>
        <text><![CDATA[Hive job – 自定义函数]]></text>
        <annotations>r0-16 { align: left; }</annotations>
      </textfield>
    </object>
    <object id="153" type="label" x="-195861.89173303678" y="-50365.52446189386" r="0" s="1.5141989112463665" class="head">
      <textfield autoSize="true">
        <x>-255.25</x>
        <y>-17.8</y>
        <text><![CDATA[密钥文件存储进byte数组中，降低文件读取次数]]></text>
        <annotations>r0-23 { align: left; }</annotations>
      </textfield>
    </object>
    <object id="154" type="label" x="-195862.0810079007" y="-50244.98476481544" r="0" s="1.5141989112463665" class="head">
      <textfield autoSize="true">
        <x>-189</x>
        <y>-17.8</y>
        <text><![CDATA[使用循环补上前两位，变为8位破解]]></text>
        <annotations>r0-16 { align: left; }</annotations>
      </textfield>
    </object>
    <object id="155" type="label" x="-195771.49405803558" y="-50112.586997513354" r="0" s="1.5141989112463665" class="head">
      <textfield autoSize="true">
        <x>-204.3</x>
        <y>-17.8</y>
        <text><![CDATA[破解结束时自动GET服务器的PHP页面]]></text>
        <annotations>r0-19 { align: left; }</annotations>
      </textfield>
    </object>
    <object id="156" type="label" x="-195771.4562030626" y="-49988.110383265695" r="0" s="1.5141989112463665" class="head">
      <textfield autoSize="true">
        <x>-110</x>
        <y>-17.8</y>
        <text><![CDATA[破解成功后发送邮件]]></text>
        <annotations>r0-9 { align: left; }</annotations>
      </textfield>
    </object>
    <object id="157" type="label" x="-195771.38995686042" y="-49840.428670703215" r="0" s="1.5141989112463665" class="head">
      <textfield autoSize="true">
        <x>-74</x>
        <y>-17.8</y>
        <text><![CDATA[手机微信弹出]]></text>
        <annotations>r0-6 { align: left; }</annotations>
      </textfield>
    </object>
    <object id="158" type="button" x="-196325.27189084183" y="-49557.633096541555" r="-3.001366233462646e-15" s="0.2879819799708623" class="invisible">
      <type>invisible</type>
      <size>
        <w>821.3550708339235</w>
        <h>600</h>
      </size>
    </object>
    <object id="159" type="label" x="-196379.26510977992" y="-49561.778216061095" r="-5.743639010713479e-31" s="1.2295776360086696" class="head">
      <textfield autoSize="true">
        <x>-26</x>
        <y>-17.8</y>
        <text><![CDATA[云梯]]></text>
        <annotations>r0-2 { align: left; }</annotations>
      </textfield>
    </object>
    <object id="160" type="label" x="-196279.03460559872" y="-49562.77190909659" r="1.6250216873762514e-30" s="0.8691884092061458" class="head">
      <textfield autoSize="true">
        <x>-38</x>
        <y>-17.8</y>
        <text><![CDATA[多线程]]></text>
        <annotations>r0-3 { align: left; }</annotations>
      </textfield>
    </object>
    <object id="161" type="label" x="-196328.6056924556" y="-49562.989575190084" r="-5.743639010713479e-31" s="1.2295776360086696" class="head">
      <textfield autoSize="true">
        <x>-10.9</x>
        <y>-17.8</y>
        <text><![CDATA[+]]></text>
        <annotations>r0-1 { align: left; }</annotations>
      </textfield>
    </object>
    <object id="162" type="label" x="-196181.25091799855" y="-49562.78153133801" r="1.6250216873762514e-30" s="0.8691884092061458" class="head">
      <textfield autoSize="true">
        <x>-10.9</x>
        <y>-17.8</y>
        <text><![CDATA[=]]></text>
        <annotations>r0-1 { align: left; }</annotations>
      </textfield>
    </object>
    <object id="163" type="button" x="-196127.39999999997" y="-49565.2" r="-2.0031356909402153e-15" s="0.0869898068765768" class="invisible">
      <type>invisible</type>
      <size>
        <w>1255.1835718730554</w>
        <h>600</h>
      </size>
    </object>
    <object id="164" type="label" x="-196127.37710510707" y="-49584.88579239124" r="-1.4459249429205887e-30" s="0.15263262175748268" class="head">
      <textfield>
        <x>-276.95</x>
        <y>-17.8</y>
        <text><![CDATA[云梯管理员打来电话：“干神马那？！DDOS？！”]]></text>
        <annotations>r0-24 { align: left; }</annotations>
      </textfield>
    </object>
    <object id="165" type="button" x="-196514.75" y="-47953.15" r="0" s="0.5381038845258245" class="invisible">
      <type>invisible</type>
      <size>
        <w>1146.7435802009677</w>
        <h>600</h>
      </size>
    </object>
    <object id="166" type="label" x="-196514.75" y="-48051.94794740295" r="0" s="1.7361564149927835" class="head">
      <textfield autoSize="true">
        <x>-110</x>
        <y>-17.8</y>
        <text><![CDATA[使用云梯做暴力破解]]></text>
        <annotations>r0-9 { align: left; }</annotations>
      </textfield>
    </object>
    <object id="167" type="label" x="-196647.53067624048" y="-47994.04319015022" r="-2.2332369982839393e-15" s="1.1634016702999457" class="head">
      <textfield autoSize="true">
        <x>-62.45</x>
        <y>-17.8</y>
        <text><![CDATA[单线程UDF]]></text>
        <annotations>r0-6 { align: left; }</annotations>
      </textfield>
    </object>
    <object id="168" type="label" x="-196647.5070748755" y="-47933.45015013634" r="0" s="0.8727667244601987" class="head">
      <textfield autoSize="true">
        <x>-60.7</x>
        <y>-17.8</y>
        <text><![CDATA[2W个MAP]]></text>
        <annotations>r0-6 { align: left; }</annotations>
      </textfield>
    </object>
    <object id="169" type="label" x="-196629.88888237634" y="-47885.99702376491" r="0" s="0.7520966860389098" class="head">
      <textfield autoSize="true">
        <x>-90.1</x>
        <y>-17.8</y>
        <text><![CDATA[2400个同时进行]]></text>
        <annotations>r0-9 { align: left; }</annotations>
      </textfield>
    </object>
    <object id="170" type="label" x="-196390.95386766177" y="-47930.56273531877" r="-2.6152894083388878e-15" s="1.9868941813436998" class="head">
      <textfield autoSize="true">
        <x>-59.05</x>
        <y>-17.8</y>
        <text><![CDATA[1小时25分]]></text>
        <annotations>r0-6 { align: left; }</annotations>
      </textfield>
    </object>
    <object id="171" type="button" x="-195626.49058479725" y="-47929.08377626651" r="-3.800487111651296e-15" s="0.4548571617992991" class="invisible">
      <type>invisible</type>
      <size>
        <w>1023.7562189054728</w>
        <h>600</h>
      </size>
    </object>
    <object id="172" type="button" x="-195593.61354093684" y="-47645.60681259478" r="-1.986030475803071e-15" s="0.43520953029724174" class="invisible">
      <type>invisible</type>
      <size>
        <w>1228.586956521739</w>
        <h>600</h>
      </size>
    </object>
    <object id="173" type="button" x="-193484.00322655862" y="-49531.929570023145" r="-2.321095755597854e-15" s="0.7447684038417716" class="invisible">
      <type>invisible</type>
      <size>
        <w>882.1985815602837</w>
        <h>600</h>
      </size>
    </object>
    <object id="174" type="label" x="-193394.22069486498" y="-49706.33689336913" r="-2.219532435581879e-15" s="1.5576963448225774" class="head">
      <textfield autoSize="true">
        <x>-83.25</x>
        <y>-17.8</y>
        <text><![CDATA[密码：alibaba!]]></text>
        <annotations>r0-11 { align: left; }</annotations>
      </textfield>
    </object>
    <object id="175" type="button" x="-190785.63452051533" y="-50113.81728412873" r="-2.109583144326707e-15" s="1.638881866978747" class="invisible">
      <type>invisible</type>
      <size>
        <w>1039.8223151293444</w>
        <h>600</h>
      </size>
    </object>
    <object id="176" type="label" x="-190785.63452051533" y="-50121.10436638911" r="-3.0609557555560037e-15" s="4.518010501583413" class="head">
      <textfield autoSize="true">
        <x>-74</x>
        <y>-17.8</y>
        <text><![CDATA[收到手机微信]]></text>
        <annotations>r0-6 { align: left; }</annotations>
      </textfield>
    </object>
    <object id="177" type="button" x="-194651.92377428958" y="-47536.04505762293" r="0" s="0.5372959460382372" class="invisible">
      <type>invisible</type>
      <size>
        <w>1082.3814133591482</w>
        <h>600</h>
      </size>
    </object>
    <object id="178" type="image" x="-196130.81125898258" y="-49559.5170915646" r="1.4751586268808096e-30" s="0.11968628234600821">
      <source w="504" h="320">
        b.png
        <url>b.png</url>
      </source>
      <sourceUrl>b.png</sourceUrl>
    </object>
    <object id="179" type="image" x="-195626.4945689726" y="-47929.08783507638" r="-2.683418401607278e-15" s="0.6442076941952484">
      <source w="724" h="348">
        3.png
        <url>3.png</url>
      </source>
      <sourceUrl>3.png</sourceUrl>
    </object>
    <object id="180" type="image" x="-195593.5943498147" y="-47645.598604902356" r="-7.81126685615704e-31" s="0.7056066364886333">
      <source w="714" h="364">
        4.png
        <url>4.png</url>
      </source>
      <sourceUrl>4.png</sourceUrl>
    </object>
    <object id="181" type="image" x="-193484.02991766302" y="-49531.94129694643" r="6.018153106490667e-31" s="0.9158427237658147">
      <source w="712" h="135">
        5.png
        <url>5.png</url>
      </source>
      <sourceUrl>5.png</sourceUrl>
    </object>
    <object id="182" type="image" x="-194651.9460519128" y="-47536.04622957341" r="0" s="0.5463488688080007">
      <source w="1046" h="529">
        6.png
        <url>6.png</url>
      </source>
      <sourceUrl>6.png</sourceUrl>
    </object>
    <object id="183" type="button" x="-240037.0500000002" y="-42105.85000000001" r="0" s="3.963183648249454" class="invisible">
      <type>invisible</type>
      <size>
        <w>916.0172250496253</w>
        <h>600</h>
      </size>
    </object>
    <object id="187" type="image" x="-240015.3216143324" y="-42177.800000000025" r="-0.7828616444866159" s="4.3874976166059">
      <source w="672" h="585">
        7.png
        <url>7.png</url>
      </source>
      <sourceUrl>7.png</sourceUrl>
    </object>
    <object id="188" type="button" x="-236151.15000000008" y="-42113.8" r="0" s="4.047258852419683" class="invisible">
      <type>invisible</type>
      <size>
        <w>961.87309403853</w>
        <h>588.8743286132813</h>
      </size>
    </object>
    <object id="189" type="label" x="-236230.08725126425" y="-42993.04942341273" r="0" s="9.71264352835902" class="head">
      <textfield autoSize="true">
        <x>-101.85</x>
        <y>-17.8</y>
        <text><![CDATA[对比在线MD5网站]]></text>
        <annotations>r0-9 { align: left; }</annotations>
      </textfield>
    </object>
    <object id="192" type="image" x="-236151.15000000008" y="-41956.850000000035" r="0" s="4.913381468563309">
      <source w="695" h="207">
        8.png
        <url>8.png</url>
      </source>
      <sourceUrl>8.png</sourceUrl>
    </object>
    <object id="193" type="button" x="-232136.05000000005" y="-42110.650000000016" r="0" s="4.047258852419683" class="invisible">
      <type>invisible</type>
      <size>
        <w>961.87309403853</w>
        <h>588.8743286132813</h>
      </size>
    </object>
    <object id="194" type="label" x="-232136.24126289043" y="-42981.549423412755" r="0" s="9.71264352835902" class="head">
      <textfield autoSize="true">
        <x>-26</x>
        <y>-17.8</y>
        <text><![CDATA[资料]]></text>
        <annotations>r0-2 { align: left; }</annotations>
      </textfield>
    </object>
    <object id="196" type="label" x="-232136.39999999997" y="-42173.15000000003" r="0" s="6.500833756234712" class="head">
      <textfield autoSize="true">
        <x>-228.45</x>
        <y>-17.8</y>
        <text><![CDATA[搜索“阿里Hadoop集群架构及服务体系”]]></text>
        <annotations>r0-21 { color: #b3f3ff; }
r0-21 { align: left; }</annotations>
      </textfield>
    </object>
    <object id="201" type="button" x="-184526.1" y="-48057.8" r="0" s="9.772720948153408" class="invisible">
      <type>invisible</type>
      <size>
        <w>799.2800303145132</w>
        <h>600</h>
      </size>
    </object>
    <object id="200" type="image" x="-184324.84999999995" y="-48057.8" r="0" s="9.502690986680932">
      <source w="822" h="582">
        _235414.png
        <url>_235414.png</url>
      </source>
      <sourceUrl>235414.png</sourceUrl>
    </object>
  </zui-table>
  <path>
    <s>
      <eagle o="199"/>
    </s>
    <s>
      <eagle o="1"/>
    </s>
    <s>
      <eagle o="15"/>
    </s>
    <s>
      <eagle o="25"/>
    </s>
    <s>
      <eagle o="26"/>
    </s>
    <s>
      <eagle o="16"/>
    </s>
    <s>
      <eagle o="27"/>
    </s>
    <s>
      <eagle o="35"/>
    </s>
    <s>
      <eagle o="36"/>
    </s>
    <s>
      <eagle o="27"/>
    </s>
    <s>
      <eagle o="38"/>
    </s>
    <s>
      <eagle o="58"/>
    </s>
    <s>
      <eagle o="61"/>
    </s>
    <s>
      <eagle o="65"/>
    </s>
    <s>
      <eagle o="103"/>
    </s>
    <s>
      <eagle o="104"/>
    </s>
    <s>
      <eagle o="106"/>
    </s>
    <s>
      <eagle o="65"/>
    </s>
    <s>
      <eagle o="108"/>
    </s>
    <s>
      <eagle o="114"/>
    </s>
    <s>
      <eagle o="113"/>
    </s>
    <s>
      <eagle o="108"/>
    </s>
    <s>
      <eagle o="120"/>
    </s>
    <s>
      <eagle o="127"/>
    </s>
    <s>
      <eagle o="128"/>
    </s>
    <s>
      <eagle o="130"/>
    </s>
    <s>
      <eagle o="132"/>
    </s>
    <s>
      <eagle o="139"/>
    </s>
    <s>
      <eagle o="145"/>
    </s>
    <s>
      <eagle o="147"/>
    </s>
    <s>
      <eagle o="151"/>
    </s>
    <s>
      <eagle o="158"/>
    </s>
    <s>
      <eagle o="163"/>
    </s>
    <s>
      <eagle o="145"/>
    </s>
    <s>
      <eagle o="165"/>
    </s>
    <s>
      <eagle o="201"/>
    </s>
    <s>
      <eagle o="171"/>
    </s>
    <s>
      <eagle o="172"/>
    </s>
    <s>
      <eagle o="145"/>
    </s>
    <s>
      <eagle o="175"/>
    </s>
    <s>
      <eagle o="173"/>
    </s>
    <s>
      <eagle o="145"/>
    </s>
    <s>
      <eagle o="177"/>
    </s>
    <s>
      <eagle o="65"/>
    </s>
    <s>
      <eagle o="183"/>
    </s>
    <s>
      <eagle o="188"/>
    </s>
    <s>
      <eagle o="193"/>
    </s>
    <s>
      <eagle o="56"/>
    </s>
  </path>
  <style type="text/css"><![CDATA[
@font-face
{
	src: url('SIMyahei.swf');
	fontFamily: strong;
}

@font-face
{
	src: url('SIMyahei.swf');
	fontFamily: body;
}

@font-face
{
	src: url('SIMyahei.swf');
	fontFamily: head;
}

background
{
	gradEnd: #808080;
	gradStart: #808080;
}

text
{
	padding: 1.2;
}

text.title
{
	fontFamily: head;
	color: #fff808;
}

text.subtitle
{
	fontFamily: strong;
	color: #fff;
}

text.body
{
	fontFamily: body;
	color: #fff;
}

frame.circle
{
	borderColor: #999;
	gradEndColor: #333;
	borderThickness: 0;
	gradStartColor: #333;
}

frame.bracket
{
	thickness: 7;
	borderColor: #fff;
	gradEndColor: #c5c3c3;
	borderThickness: 0;
	gradStartColor: #fff;
}

frame.rectangle
{
	borderColor: #fff;
	gradEndColor: #000;
	radius: 0;
	borderThickness: 0;
	gradStartColor: #000;
}

arrow
{
	borderColor: #fff;
	gradEndColor: #fff808;
	borderThickness: -1;
	gradStartColor: #fff808;
}

line
{
	color: #fff808;
}

line-arrow.style1
{
	color: #fff;
	gradEndColor: #fff;
	gradStartColor: #fff;
}

line-arrow.style2
{
	color: #c5c3c3;
	gradEndColor: #c5c3c3;
	gradStartColor: #c5c3c3;
}

line-arrow.style3
{
	color: #fff808;
	gradEndColor: #fff808;
	gradStartColor: #fff808;
}

line-arrow.style4
{
	color: #333;
	gradEndColor: #333;
	gradStartColor: #333;
}

line-arrow.style5
{
	color: #000;
	gradEndColor: #000;
	gradStartColor: #000;
}

circle
{
	thickness: 100;
	lockTintAlpha: 0.6;
	radius: 0;
	borderAlpha: 1;
}

shape
{
	borderAlpha: 1;
	gradStartAlpha: 0.7;
	thickness: 100;
	gradEndAlpha: 0.8;
	lockTintAlpha: 0.6;
	radius: 0;
}

shape.style1
{
	borderColor: #fff;
	gradEndColor: #fff;
	borderThickness: 0;
	gradStartColor: #fff;
}

shape.style2
{
	borderColor: #c5c3c3;
	gradEndColor: #c5c3c3;
	borderThickness: 0;
	gradStartColor: #c5c3c3;
}

shape.style3
{
	borderColor: #fff808;
	gradEndColor: #fff808;
	borderThickness: 0;
	gradStartColor: #fff808;
}

shape.style4
{
	borderColor: #333;
	gradEndColor: #333;
	borderThickness: 0;
	gradStartColor: #333;
}

shape.style5
{
	borderColor: #000;
	gradEndColor: #000;
	borderThickness: 0;
	gradStartColor: #000;
}

free-line
{
	color: #fff808;
}

free-marker
{
	color: #ffff0d;
	alpha: 0.3;
}

grid
{
	color: #ddd;
}

ZCircle
{
	borderAlpha: 1;
	gradStartAlpha: 1;
	thickness: 100;
	gradEndAlpha: 1;
	lockTintAlpha: 0;
	radius: 0;
}

ZPoly
{
	borderAlpha: 1;
	gradStartAlpha: 1;
	thickness: 100;
	gradEndAlpha: 1;
	lockTintAlpha: 0;
	radius: 0;
}

Background
{
	gradEnd: #000;
	gradStart: #000;
}

ZLabel
{
	padding: 1.2;
}

ZLabel.head
{
	fontFamily: head;
	color: #fff;
}

.line5
{
	color: #333;
	gradEndColor: #333;
	gradStartColor: #333;
}

.poly5
{
	borderColor: #333;
	color: #000;
	gradEndColor: #fff;
	borderThickness: 9;
	gradStartColor: #fff;
}

ZLabel.strong
{
	fontFamily: strong;
	color: #fff;
}

.line1
{
	color: #3fc0ff;
	gradEndColor: #3fc0ff;
	gradStartColor: #3fc0ff;
}

.poly1
{
	borderColor: #3fc0ff;
	color: #000;
	gradEndColor: #fff;
	borderThickness: 9;
	gradStartColor: #fff;
}

ZLabel.body
{
	fontFamily: body;
	color: #fff;
}

ZFrame.circle
{
	color: #fff;
}

.line4
{
	color: #fff;
	gradEndColor: #fff;
	gradStartColor: #fff;
}

.poly4
{
	borderColor: #004f75;
	color: #000;
	gradEndColor: #004f75;
	borderThickness: 0;
	gradStartColor: #004f75;
}

ZFrame.bracket
{
	thickness: 10;
	borderColor: #b2b2b2;
	gradEndColor: #b2b2b2;
	borderThickness: 0;
	gradStartColor: #b2b2b2;
}

.line2
{
	borderColor: #fff;
	color: #f00;
	gradEndColor: #f00;
	gradStartColor: #f00;
}

.poly2
{
	borderColor: #3fc0ff;
	color: #000;
	gradEndColor: #3fc0ff;
	borderThickness: 0;
	gradStartColor: #3fc0ff;
}

ZFrame.roundrect
{
	borderColor: #3fc0ff;
	gradEndColor: #3fc0ff;
	borderThickness: 0;
	gradStartColor: #3fc0ff;
}

ZArrow
{
	borderColor: #fff;
	lockTintAlpha: 0;
	gradEndColor: #333;
	borderThickness: 0;
	gradStartColor: #333;
}

.line3
{
	color: #fff;
	gradEndColor: #fff;
	gradStartColor: #fff;
}

.poly3
{
	borderColor: #004f75;
	color: #000;
	gradEndColor: #fff;
	borderThickness: 9;
	gradStartColor: #fff;
}

ZLine
{
	color: #333;
	lockTintAlpha: 0;
}

ZCurveLine
{
	color: #333;
}

ZMarker
{
	color: #00e1ff;
	alpha: 0.3;
}

Grid
{
	color: #464646;
}

ZPath
{
	thickness: 3;
	color: #40abe6;
	alpha: 1;
	textColor: #fff;
}

ZPath Ball.mid
{
	fillColor: #40abe6;
	alpha: .5;
	radius: 8;
}

ZPath Ball.base
{
	fillColor: #40abe6;
	alpha: 1;
	radius: 12;
}

]]></style>
  <hash>-106ddfe5</hash>
  <sync>
    <oid>UNKNOWN</oid>
    <hash>UNKNOWN</hash>
  </sync>
  <config>+iLycrsiVPGbqwAbC6UBkJTPdgD+hJF+8g==</config>
</zuiprezi>